﻿{"cameraMode":{"drawMode":0,"name":"Shaded","section":"Shading Mode"},"sceneLighting":true,"audioPlay":false,"sceneViewState":{"showFog":true,"showMaterialUpdate":false,"showSkybox":true,"showFlares":true,"showImageEffects":true,"showParticleSystems":true},"in2DMode":false,"pivot":{"x":-10.931278228759766,"y":-2.9971938133239748,"z":16.380056381225587},"rotation":{"x":-0.1723179668188095,"y":0.2100961059331894,"z":-0.03764743357896805,"w":-0.9616386294364929},"size":32.32029342651367,"orthographic":false}